{
  "Lekki, NG": {
    "Longitude": 3.5877338921874777,
    "Latitude": 6.449526175486871
  },
  "Frankfurt": {
    "Longitude": 8.47082,
    "Latitude": 50.3298
  },
  "Kuparuk, Alaska": {
    "Latitude": 70.33,
    "Longitude": -149.5983
  },

  "Nairobi, KE - Cabanas | Mega": {
    "Latitude": -1.329119,
    "Longitude": 36.88643
  },
  "Accra, GH": {
    "Latitude": 5.80399,
    "Longitude": -0.090984
  }
}
